{
  "create character" : {
    "transaction" : "create character",
    "sampleCount" : 2000,
    "errorCount" : 0,
    "errorPct" : 0.0,
    "meanResTime" : 568.4085000000001,
    "medianResTime" : 536.5,
    "minResTime" : 4.0,
    "maxResTime" : 1410.0,
    "pct1ResTime" : 1339.9,
    "pct2ResTime" : 1379.9499999999998,
    "pct3ResTime" : 1402.98,
    "throughput" : 793.0214115781125,
    "receivedKBytesPerSec" : 212.66603885804918,
    "sentKBytesPerSec" : 166.14573007533704
  },
  "get all characters" : {
    "transaction" : "get all characters",
    "sampleCount" : 2000,
    "errorCount" : 0,
    "errorPct" : 0.0,
    "meanResTime" : 2.115000000000003,
    "medianResTime" : 2.0,
    "minResTime" : 0.0,
    "maxResTime" : 17.0,
    "pct1ResTime" : 3.0,
    "pct2ResTime" : 4.0,
    "pct3ResTime" : 7.0,
    "throughput" : 793.9658594680428,
    "receivedKBytesPerSec" : 387.1262002530766,
    "sentKBytesPerSec" : 122.50645097260818
  },
  "edit character" : {
    "transaction" : "edit character",
    "sampleCount" : 2000,
    "errorCount" : 0,
    "errorPct" : 0.0,
    "meanResTime" : 1.2219999999999995,
    "medianResTime" : 1.0,
    "minResTime" : 0.0,
    "maxResTime" : 8.0,
    "pct1ResTime" : 2.0,
    "pct2ResTime" : 2.0,
    "pct3ResTime" : 4.0,
    "throughput" : 796.4954201513341,
    "receivedKBytesPerSec" : 209.68091957885304,
    "sentKBytesPerSec" : 171.5673692005177
  },
  "delete character" : {
    "transaction" : "delete character",
    "sampleCount" : 2000,
    "errorCount" : 0,
    "errorPct" : 0.0,
    "meanResTime" : 1.152000000000002,
    "medianResTime" : 1.0,
    "minResTime" : 0.0,
    "maxResTime" : 12.0,
    "pct1ResTime" : 2.0,
    "pct2ResTime" : 2.0,
    "pct3ResTime" : 4.0,
    "throughput" : 798.4031936127744,
    "receivedKBytesPerSec" : 228.4493512974052,
    "sentKBytesPerSec" : 141.17858033932137
  },
  "Total" : {
    "transaction" : "Total",
    "sampleCount" : 10000,
    "errorCount" : 0,
    "errorPct" : 0.0,
    "meanResTime" : 114.82429999999994,
    "medianResTime" : 1.0,
    "minResTime" : 0.0,
    "maxResTime" : 1410.0,
    "pct1ResTime" : 536.8999999999996,
    "pct2ResTime" : 598.9499999999989,
    "pct3ResTime" : 1379.9899999999998,
    "throughput" : 3960.39603960396,
    "receivedKBytesPerSec" : 1242.327119430693,
    "sentKBytesPerSec" : 721.8831219059406
  },
  "get character by id" : {
    "transaction" : "get character by id",
    "sampleCount" : 2000,
    "errorCount" : 0,
    "errorPct" : 0.0,
    "meanResTime" : 1.2239999999999982,
    "medianResTime" : 1.0,
    "minResTime" : 0.0,
    "maxResTime" : 12.0,
    "pct1ResTime" : 2.0,
    "pct2ResTime" : 2.0,
    "pct3ResTime" : 5.0,
    "throughput" : 794.912559618442,
    "receivedKBytesPerSec" : 209.2952758594992,
    "sentKBytesPerSec" : 123.48314536963434
  }
}