{
  "create character" : {
    "transaction" : "create character",
    "sampleCount" : 106476,
    "errorCount" : 31671,
    "errorPct" : 29.744732,
    "meanResTime" : 13.784195499455107,
    "medianResTime" : 3.0,
    "minResTime" : 0.0,
    "maxResTime" : 344.0,
    "pct1ResTime" : 5.0,
    "pct2ResTime" : 6.0,
    "pct3ResTime" : 9.0,
    "throughput" : 691.110894752215,
    "receivedKBytesPerSec" : 592.9055791183916,
    "sentKBytesPerSec" : 101.70745834753188
  },
  "get all characters" : {
    "transaction" : "get all characters",
    "sampleCount" : 106356,
    "errorCount" : 31571,
    "errorPct" : 29.684267,
    "meanResTime" : 4.346064161871517,
    "medianResTime" : 2.0,
    "minResTime" : 0.0,
    "maxResTime" : 991.0,
    "pct1ResTime" : 5.0,
    "pct2ResTime" : 6.0,
    "pct3ResTime" : 8.0,
    "throughput" : 690.4081844619859,
    "receivedKBytesPerSec" : 42116.449226915065,
    "sentKBytesPerSec" : 74.90582024352798
  },
  "edit character" : {
    "transaction" : "edit character",
    "sampleCount" : 106282,
    "errorCount" : 31616,
    "errorPct" : 29.747276,
    "meanResTime" : 3.558711729173251,
    "medianResTime" : 1.0,
    "minResTime" : 0.0,
    "maxResTime" : 999.0,
    "pct1ResTime" : 4.0,
    "pct2ResTime" : 6.0,
    "pct3ResTime" : 8.0,
    "throughput" : 689.9636458062841,
    "receivedKBytesPerSec" : 586.7717369473838,
    "sentKBytesPerSec" : 106.12749225038951
  },
  "delete character" : {
    "transaction" : "delete character",
    "sampleCount" : 106258,
    "errorCount" : 31608,
    "errorPct" : 29.746466,
    "meanResTime" : 3.6543883754634887,
    "medianResTime" : 1.0,
    "minResTime" : 0.0,
    "maxResTime" : 1826.0,
    "pct1ResTime" : 4.0,
    "pct2ResTime" : 6.0,
    "pct3ResTime" : 9.0,
    "throughput" : 689.8257550183074,
    "receivedKBytesPerSec" : 595.3844976783025,
    "sentKBytesPerSec" : 87.4443007641071
  },
  "Total" : {
    "transaction" : "Total",
    "sampleCount" : 531686,
    "errorCount" : 158098,
    "errorPct" : 29.73522,
    "meanResTime" : 5.8814450634394735,
    "medianResTime" : 1.0,
    "minResTime" : 0.0,
    "maxResTime" : 1826.0,
    "pct1ResTime" : 1.0,
    "pct2ResTime" : 2.0,
    "pct3ResTime" : 3.0,
    "throughput" : 3451.0050822044955,
    "receivedKBytesPerSec" : 44474.093841123096,
    "sentKBytesPerSec" : 446.97147157364975
  },
  "get character by id" : {
    "transaction" : "get character by id",
    "sampleCount" : 106314,
    "errorCount" : 31632,
    "errorPct" : 29.753372,
    "meanResTime" : 4.050557781665579,
    "medianResTime" : 1.0,
    "minResTime" : 0.0,
    "maxResTime" : 999.0,
    "pct1ResTime" : 4.900000000001455,
    "pct2ResTime" : 6.0,
    "pct3ResTime" : 8.0,
    "throughput" : 690.1669036165696,
    "receivedKBytesPerSec" : 588.1062991143592,
    "sentKBytesPerSec" : 76.84611970189755
  }
}