{
  "create character" : {
    "transaction" : "create character",
    "sampleCount" : 3000,
    "errorCount" : 0,
    "errorPct" : 0.0,
    "meanResTime" : 61.02600000000006,
    "medianResTime" : 39.0,
    "minResTime" : 0.0,
    "maxResTime" : 195.0,
    "pct1ResTime" : 169.0,
    "pct2ResTime" : 179.0,
    "pct3ResTime" : 191.0,
    "throughput" : 308.2930839584832,
    "receivedKBytesPerSec" : 83.55304567875861,
    "sentKBytesPerSec" : 64.58579539615661
  },
  "get all characters" : {
    "transaction" : "get all characters",
    "sampleCount" : 3000,
    "errorCount" : 0,
    "errorPct" : 0.0,
    "meanResTime" : 1.9050000000000005,
    "medianResTime" : 2.0,
    "minResTime" : 0.0,
    "maxResTime" : 21.0,
    "pct1ResTime" : 3.0,
    "pct2ResTime" : 4.0,
    "pct3ResTime" : 7.0,
    "throughput" : 308.70549495781023,
    "receivedKBytesPerSec" : 19763.14269429152,
    "sentKBytesPerSec" : 47.63229316731838
  },
  "edit character" : {
    "transaction" : "edit character",
    "sampleCount" : 3000,
    "errorCount" : 0,
    "errorPct" : 0.0,
    "meanResTime" : 1.007666666666665,
    "medianResTime" : 1.0,
    "minResTime" : 0.0,
    "maxResTime" : 19.0,
    "pct1ResTime" : 2.0,
    "pct2ResTime" : 2.0,
    "pct3ResTime" : 4.0,
    "throughput" : 309.31023816888336,
    "receivedKBytesPerSec" : 82.30552118775131,
    "sentKBytesPerSec" : 67.50454299412311
  },
  "delete character" : {
    "transaction" : "delete character",
    "sampleCount" : 3000,
    "errorCount" : 0,
    "errorPct" : 0.0,
    "meanResTime" : 0.9670000000000016,
    "medianResTime" : 1.0,
    "minResTime" : 0.0,
    "maxResTime" : 17.0,
    "pct1ResTime" : 2.0,
    "pct2ResTime" : 2.0,
    "pct3ResTime" : 4.0,
    "throughput" : 309.3421323984327,
    "receivedKBytesPerSec" : 88.5129343679109,
    "sentKBytesPerSec" : 55.58491441534337
  },
  "Total" : {
    "transaction" : "Total",
    "sampleCount" : 15000,
    "errorCount" : 0,
    "errorPct" : 0.0,
    "meanResTime" : 13.23720000000001,
    "medianResTime" : 1.0,
    "minResTime" : 0.0,
    "maxResTime" : 195.0,
    "pct1ResTime" : 39.0,
    "pct2ResTime" : 107.0,
    "pct3ResTime" : 179.0,
    "throughput" : 1540.990343127183,
    "receivedKBytesPerSec" : 20066.393709388485,
    "sentKBytesPerSec" : 283.51894776042735
  },
  "get character by id" : {
    "transaction" : "get character by id",
    "sampleCount" : 3000,
    "errorCount" : 0,
    "errorPct" : 0.0,
    "meanResTime" : 1.280333333333337,
    "medianResTime" : 1.0,
    "minResTime" : 0.0,
    "maxResTime" : 14.0,
    "pct1ResTime" : 2.0,
    "pct2ResTime" : 3.0,
    "pct3ResTime" : 5.0,
    "throughput" : 309.15086562242374,
    "receivedKBytesPerSec" : 82.26723918616034,
    "sentKBytesPerSec" : 48.908633037922506
  }
}