{
  "create character" : {
    "transaction" : "create character",
    "sampleCount" : 103204,
    "errorCount" : 0,
    "errorPct" : 0.0,
    "meanResTime" : 345.6235611022808,
    "medianResTime" : 75.0,
    "minResTime" : 1.0,
    "maxResTime" : 29165.0,
    "pct1ResTime" : 95.0,
    "pct2ResTime" : 114.0,
    "pct3ResTime" : 28622.99,
    "throughput" : 1488.805539526832,
    "receivedKBytesPerSec" : 402.5733661596581,
    "sentKBytesPerSec" : 311.85042815475333
  },
  "get all characters" : {
    "transaction" : "get all characters",
    "sampleCount" : 102342,
    "errorCount" : 0,
    "errorPct" : 0.0,
    "meanResTime" : 56.476940063707836,
    "medianResTime" : 75.0,
    "minResTime" : 0.0,
    "maxResTime" : 288.0,
    "pct1ResTime" : 91.0,
    "pct2ResTime" : 104.0,
    "pct3ResTime" : 142.0,
    "throughput" : 1478.9092643169897,
    "receivedKBytesPerSec" : 42481.44673780907,
    "sentKBytesPerSec" : 228.19107789266053
  },
  "edit character" : {
    "transaction" : "edit character",
    "sampleCount" : 101774,
    "errorCount" : 0,
    "errorPct" : 0.0,
    "meanResTime" : 55.92541317035862,
    "medianResTime" : 75.0,
    "minResTime" : 1.0,
    "maxResTime" : 198.0,
    "pct1ResTime" : 91.0,
    "pct2ResTime" : 102.0,
    "pct3ResTime" : 134.9900000000016,
    "throughput" : 1471.1477305579647,
    "receivedKBytesPerSec" : 390.62903724884353,
    "sentKBytesPerSec" : 320.23231967331594
  },
  "delete character" : {
    "transaction" : "delete character",
    "sampleCount" : 101491,
    "errorCount" : 0,
    "errorPct" : 0.0,
    "meanResTime" : 55.79253332807792,
    "medianResTime" : 75.0,
    "minResTime" : 1.0,
    "maxResTime" : 198.0,
    "pct1ResTime" : 91.0,
    "pct2ResTime" : 101.0,
    "pct3ResTime" : 130.0,
    "throughput" : 1467.0781595570909,
    "receivedKBytesPerSec" : 419.7791999513942,
    "sentKBytesPerSec" : 262.75237122627533
  },
  "Total" : {
    "transaction" : "Total",
    "sampleCount" : 510865,
    "errorCount" : 0,
    "errorPct" : 0.0,
    "meanResTime" : 114.5226273085853,
    "medianResTime" : 84.0,
    "minResTime" : 0.0,
    "maxResTime" : 29165.0,
    "pct1ResTime" : 118.0,
    "pct2ResTime" : 140.0,
    "pct3ResTime" : 28622.99,
    "throughput" : 7369.66243508367,
    "receivedKBytesPerSec" : 44010.76085376245,
    "sentKBytesPerSec" : 1353.4968460355958
  },
  "get character by id" : {
    "transaction" : "get character by id",
    "sampleCount" : 102054,
    "errorCount" : 0,
    "errorPct" : 0.0,
    "meanResTime" : 55.86955925294425,
    "medianResTime" : 75.0,
    "minResTime" : 1.0,
    "maxResTime" : 198.0,
    "pct1ResTime" : 90.0,
    "pct2ResTime" : 101.0,
    "pct3ResTime" : 137.0,
    "throughput" : 1474.8327239620216,
    "receivedKBytesPerSec" : 391.59701818268854,
    "sentKBytesPerSec" : 232.4560420565559
  }
}