{
  "create character" : {
    "transaction" : "create character",
    "sampleCount" : 772372,
    "errorCount" : 0,
    "errorPct" : 0.0,
    "meanResTime" : 3.2726108662664837,
    "medianResTime" : 4.0,
    "minResTime" : 0.0,
    "maxResTime" : 649.0,
    "pct1ResTime" : 5.0,
    "pct2ResTime" : 7.0,
    "pct3ResTime" : 8.0,
    "throughput" : 1286.1784096037247,
    "receivedKBytesPerSec" : 348.550175372325,
    "sentKBytesPerSec" : 269.42005837522083
  },
  "get all characters" : {
    "transaction" : "get all characters",
    "sampleCount" : 772362,
    "errorCount" : 0,
    "errorPct" : 0.0,
    "meanResTime" : 3.595314114366057,
    "medianResTime" : 4.0,
    "minResTime" : 0.0,
    "maxResTime" : 654.0,
    "pct1ResTime" : 6.0,
    "pct2ResTime" : 7.0,
    "pct3ResTime" : 8.0,
    "throughput" : 1286.247433290534,
    "receivedKBytesPerSec" : 96006.8752747165,
    "sentKBytesPerSec" : 198.46395943350038
  },
  "edit character" : {
    "transaction" : "edit character",
    "sampleCount" : 772350,
    "errorCount" : 0,
    "errorPct" : 0.0,
    "meanResTime" : 3.276029002395299,
    "medianResTime" : 3.0,
    "minResTime" : 0.0,
    "maxResTime" : 623.0,
    "pct1ResTime" : 5.0,
    "pct2ResTime" : 7.0,
    "pct3ResTime" : 8.0,
    "throughput" : 1286.2510117142351,
    "receivedKBytesPerSec" : 342.2904678798425,
    "sentKBytesPerSec" : 280.74134720211055
  },
  "delete character" : {
    "transaction" : "delete character",
    "sampleCount" : 772346,
    "errorCount" : 0,
    "errorPct" : 0.0,
    "meanResTime" : 3.2858835288847983,
    "medianResTime" : 3.0,
    "minResTime" : 0.0,
    "maxResTime" : 652.0,
    "pct1ResTime" : 5.0,
    "pct2ResTime" : 7.0,
    "pct3ResTime" : 8.0,
    "throughput" : 1286.2400660817896,
    "receivedKBytesPerSec" : 368.03548765816834,
    "sentKBytesPerSec" : 231.12126187407156
  },
  "Total" : {
    "transaction" : "Total",
    "sampleCount" : 3861783,
    "errorCount" : 0,
    "errorPct" : 0.0,
    "meanResTime" : 3.338782370733854,
    "medianResTime" : 3.0,
    "minResTime" : 0.0,
    "maxResTime" : 664.0,
    "pct1ResTime" : 5.0,
    "pct2ResTime" : 7.0,
    "pct3ResTime" : 8.0,
    "throughput" : 6430.763825170645,
    "receivedKBytesPerSec" : 97401.5599348275,
    "sentKBytesPerSec" : 1183.1631444759264
  },
  "get character by id" : {
    "transaction" : "get character by id",
    "sampleCount" : 772353,
    "errorCount" : 0,
    "errorPct" : 0.0,
    "meanResTime" : 3.264072257115692,
    "medianResTime" : 3.0,
    "minResTime" : 0.0,
    "maxResTime" : 664.0,
    "pct1ResTime" : 6.0,
    "pct2ResTime" : 7.0,
    "pct3ResTime" : 8.0,
    "throughput" : 1286.2431553844308,
    "receivedKBytesPerSec" : 342.28822675120574,
    "sentKBytesPerSec" : 203.48768669167757
  }
}