{
  "create character" : {
    "transaction" : "create character",
    "sampleCount" : 300,
    "errorCount" : 0,
    "errorPct" : 0.0,
    "meanResTime" : 1.3066666666666662,
    "medianResTime" : 1.0,
    "minResTime" : 0.0,
    "maxResTime" : 19.0,
    "pct1ResTime" : 2.0,
    "pct2ResTime" : 2.0,
    "pct3ResTime" : 8.980000000000018,
    "throughput" : 39.1491582930967,
    "receivedKBytesPerSec" : 10.610161041693853,
    "sentKBytesPerSec" : 8.201570248270912
  },
  "get all characters" : {
    "transaction" : "get all characters",
    "sampleCount" : 300,
    "errorCount" : 0,
    "errorPct" : 0.0,
    "meanResTime" : 1.0233333333333323,
    "medianResTime" : 1.0,
    "minResTime" : 0.0,
    "maxResTime" : 5.0,
    "pct1ResTime" : 2.0,
    "pct2ResTime" : 2.0,
    "pct3ResTime" : 3.0,
    "throughput" : 39.24646781789639,
    "receivedKBytesPerSec" : 2507.2442438513867,
    "sentKBytesPerSec" : 6.055607339089482
  },
  "edit character" : {
    "transaction" : "edit character",
    "sampleCount" : 300,
    "errorCount" : 0,
    "errorPct" : 0.0,
    "meanResTime" : 0.47,
    "medianResTime" : 0.0,
    "minResTime" : 0.0,
    "maxResTime" : 4.0,
    "pct1ResTime" : 1.0,
    "pct2ResTime" : 1.0,
    "pct3ResTime" : 2.990000000000009,
    "throughput" : 39.27729772191673,
    "receivedKBytesPerSec" : 10.45438412378895,
    "sentKBytesPerSec" : 8.574904057017545
  },
  "delete character" : {
    "transaction" : "delete character",
    "sampleCount" : 300,
    "errorCount" : 0,
    "errorPct" : 0.0,
    "meanResTime" : 0.3833333333333332,
    "medianResTime" : 0.0,
    "minResTime" : 0.0,
    "maxResTime" : 6.0,
    "pct1ResTime" : 1.0,
    "pct2ResTime" : 1.0,
    "pct3ResTime" : 2.0,
    "throughput" : 39.2824407489852,
    "receivedKBytesPerSec" : 11.239995253371744,
    "sentKBytesPerSec" : 7.058563572083279
  },
  "Total" : {
    "transaction" : "Total",
    "sampleCount" : 1500,
    "errorCount" : 0,
    "errorPct" : 0.0,
    "meanResTime" : 0.7159999999999993,
    "medianResTime" : 1.0,
    "minResTime" : 0.0,
    "maxResTime" : 19.0,
    "pct1ResTime" : 1.0,
    "pct2ResTime" : 2.0,
    "pct3ResTime" : 4.0,
    "throughput" : 195.69471624266143,
    "receivedKBytesPerSec" : 2543.0152529761904,
    "sentKBytesPerSec" : 36.007827788649706
  },
  "get character by id" : {
    "transaction" : "get character by id",
    "sampleCount" : 300,
    "errorCount" : 0,
    "errorPct" : 0.0,
    "meanResTime" : 0.39666666666666694,
    "medianResTime" : 0.0,
    "minResTime" : 0.0,
    "maxResTime" : 3.0,
    "pct1ResTime" : 1.0,
    "pct2ResTime" : 1.0,
    "pct3ResTime" : 2.990000000000009,
    "throughput" : 39.26701570680628,
    "receivedKBytesPerSec" : 10.450369150850786,
    "sentKBytesPerSec" : 6.212164594240838
  }
}